name,name_lc,wikidata,start_date,term,gender
ABRIGNANI Ignazio,abrignani ignazio,Q3792296,2016-10-13,17,male
ADORNATO Ferdinando,adornato ferdinando,Q3742537,2014-12-16,17,male
AGOSTINELLI Donatella,agostinelli donatella,Q14636340,2013-03-15,17,female
AGOSTINI Luciano,agostini luciano,Q14636345,2013-03-15,17,male
AGOSTINI Roberta,agostini roberta,Q14636346,2013-03-15,17,female
AIELLO Ferdinando,aiello ferdinando,Q14636368,2014-06-19,17,male
AIRAUDO Giorgio,airaudo giorgio,Q14636376,2013-03-15,17,male
ALBANELLA Luisella,albanella luisella,Q16163302,2013-03-15,17,female
ALBERTI Ferdinando,alberti ferdinando,Q15964380,2013-03-15,17,male
ALBINI Tea,albini tea,Q15636153,2014-05-07,17,female
ALFANO Angelino,alfano angelino,Q535055,2013-11-18,17,male
ALFANO Gioacchino,alfano gioacchino,Q3764802,2013-11-18,17,male
ALFREIDER Daniel,alfreider daniel,Q6444890,2013-03-21,17,male
ALLASIA Stefano,allasia stefano,Q3972340,2013-04-17,17,male
ALLI Paolo,alli paolo,Q16164768,2013-11-18,17,male
ALTIERI Trifone,altieri trifone,Q23773338,2015-11-19,17,male
AMATO Maria,amato maria,Q15142809,2013-03-15,17,female
AMENDOLA Vincenzo,amendola vincenzo,Q15711019,2013-03-15,17,male
AMICI Sesa,amici sesa,Q3847545,2013-03-15,17,female
AMODDIO Sofia,amoddio sofia,Q16165860,2013-03-15,17,female
ANGELUCCI Antonio,angelucci antonio,Q3335245,2013-03-15,17,male
ANTEZZA Maria,antezza maria,Q3847121,2013-03-15,17,female
ANZALDI Michele,anzaldi michele,Q16167433,2013-03-15,17,male
ARCHI Bruno,archi bruno,Q12467290,2013-03-15,17,male
ARGENTIN Ileana,argentin ileana,Q3796375,2013-03-15,17,female
ARLOTTI Tiziano,arlotti tiziano,Q15654010,2013-03-15,17,male
ARTINI Massimo,artini massimo,Q16576929,2015-02-05,17,male
ASCANI Anna,ascani anna,Q16526911,2013-03-15,17,female
ATTAGUILE Angelo,attaguile angelo,Q16389266,2013-03-15,17,male
BALDASSARRE Marco,baldassarre marco,Q16575745,2015-02-05,17,male
BALDELLI Simone,baldelli simone,Q3961182,2013-03-15,17,male
BARADELLO Maurizio,baradello maurizio,Q21076763,2015-09-17,17,male
BARBANTI Sebastiano,barbanti sebastiano,Q15613956,2016-03-17,17,male
BARETTA Pier Paolo,baretta pier paolo,Q3902934,2013-03-15,17,male
BARGERO Cristina,bargero cristina,Q15967967,2013-03-15,17,female
BARONI Massimo Enrico,baroni massimo enrico,Q16576956,2013-03-15,17,male
BARUFFI Davide,baruffi davide,Q15972766,2013-03-15,17,male
BASILIO Tatiana,basilio tatiana,Q16612357,2013-03-15,17,female
BASSO Lorenzo,basso lorenzo,Q16573514,2013-03-15,17,male
BATTAGLIA Demetrio,battaglia demetrio,Q16549148,2013-03-15,17,male
BATTELLI Sergio,battelli sergio,Q15621370,2013-03-15,17,male
BAZOLI Alfredo,bazoli alfredo,Q16525385,2013-03-15,17,male
BECATTINI Lorenzo,becattini lorenzo,Q17404343,2014-07-09,17,male
BECHIS Eleonora,bechis eleonora,Q15961982,2015-02-05,17,female
BELLANOVA Teresa,bellanova teresa,Q3984267,2013-03-15,17,female
BENAMATI Gianluca,benamati gianluca,Q16268176,2013-03-15,17,male
BENEDETTI Silvia,benedetti silvia,Q15623358,2013-03-15,17,female
BENI Paolo,beni paolo,Q15300616,2013-03-15,17,male
BERGAMINI Deborah,bergamini deborah,Q116026,2013-03-15,17,female
BERGONZI Marco,bergonzi marco,Q19361754,2014-10-30,17,male
BERLINGHIERI Marina,berlinghieri marina,Q15144190,2013-03-15,17,female
BERNARDO Maurizio,bernardo maurizio,Q3852519,2013-11-18,17,male
BERNINI Massimiliano,bernini massimiliano,Q16576905,2013-03-15,17,male
BERNINI Paolo,bernini paolo,Q15300636,2013-03-15,17,male
BERRETTA Giuseppe,berretta giuseppe,Q3770102,2013-03-15,17,male
BERSANI Pier Luigi,bersani pier luigi,Q47556,2013-03-15,17,male
BIANCHI Dorina,bianchi dorina,Q3714273,2013-11-18,17,female
BIANCHI Nicola,bianchi nicola,Q15269604,2013-03-15,17,male
BIANCHI Stella,bianchi stella,Q15144105,2013-03-15,17,female
BIANCOFIORE Michaela,biancofiore michaela,Q1930012,2013-03-15,17,female
BIANCONI Maurizio,bianconi maurizio,Q3852525,2015-11-19,17,male
BIASOTTI Sandro,biasotti sandro,Q3948194,2013-03-15,17,male
BINDI Rosy,bindi rosy,Q466836,2013-03-15,17,female
BINI Caterina,bini caterina,Q16538338,2013-03-15,17,female
BIONDELLI Franca,biondelli franca,Q3749287,2013-03-15,17,female
BLAZINA Tamara,blazina tamara,Q3980560,2013-03-15,17,female
BOBBA Luigi,bobba luigi,Q3839347,2013-03-15,17,male
BOCCADUTRI Sergio,boccadutri sergio,Q16601711,2014-06-26,17,male
BOCCI Gianpiero,bocci gianpiero,Q3762506,2013-03-15,17,male
BOCCIA Francesco,boccia francesco,Q3749638,2013-03-15,17,male
BOCCUZZI Antonio,boccuzzi antonio,Q3619275,2013-03-15,17,male
BOLDRINI Laura,boldrini laura,Q3827737,2013-03-15,17,female
BOLDRINI Paola,boldrini paola,Q19361763,2015-01-12,17,female
BOLOGNESI Paolo,bolognesi paolo,Q3893794,2013-03-15,17,male
BOMBASSEI Alberto,bombassei alberto,Q3608159,2013-03-15,17,male
BONACCORSI Lorenza,bonaccorsi lorenza,Q16573508,2013-03-15,17,female
BONAFEDE Alfonso,bonafede alfonso,Q16525358,2013-03-15,17,male
BONIFAZI Francesco,bonifazi francesco,Q16557109,2013-03-15,17,male
BONOMO Francesca,bonomo francesca,Q16557050,2013-03-15,17,female
BORDO Franco,bordo franco,Q15792843,2013-03-15,17,male
BORDO Michele,bordo michele,Q3856525,2013-03-15,17,male
BORGHESE Mario,borghese mario,Q15144716,2016-10-13,17,male
BORGHESI Stefano,borghesi stefano,Q15632092,2013-03-15,17,male
BORGHI Enrico,borghi enrico,Q16552061,2013-03-15,17,male
BORLETTI DELL'ACQUA Ilaria Carla Anna,borletti dell'acqua ilaria carla anna,Q15844708,2015-02-18,17,female
BOSCHI Maria Elena,boschi maria elena,Q15143059,2013-03-15,17,female
BOSCO Antonino,bosco antonino,Q16582595,2013-11-18,17,male
BOSSA Luisa,bossa luisa,Q16574431,2013-03-15,17,female
BOSSI Umberto,bossi umberto,Q47832,2013-03-15,17,male
BRAGA Chiara,braga chiara,Q3667470,2013-03-15,17,female
BRAGANTINI Matteo,bragantini matteo,Q3852082,2016-04-11,17,male
BRAGANTINI Paola,bragantini paola,Q15349372,2013-03-15,17,female
BRAMBILLA Michela Vittoria,brambilla michela vittoria,Q459670,2013-03-15,17,female
BRANDOLIN Giorgio,brandolin giorgio,Q3765313,2013-03-15,17,male
BRATTI Alessandro,bratti alessandro,Q16268211,2013-03-15,17,male
BRESCIA Giuseppe,brescia giuseppe,Q16560662,2013-03-15,17,male
BRESSA Gianclaudio,bressa gianclaudio,Q3762995,2013-03-15,17,male
BRIGNONE Beatrice,brignone beatrice,Q21578717,2015-11-17,17,female
BRUGNEROTTO Marco,brugnerotto marco,Q16575769,2013-03-15,17,male
BRUNETTA Renato,brunetta renato,Q2573947,2013-03-15,17,male
BRUNO BOSSIO Vincenza,bruno bossio vincenza,Q16552217,2013-03-15,17,female
BRUNO Franco,bruno franco,Q3751180,2015-09-29,17,male
BUENO Renata,bueno renata,Q10359276,2015-11-30,17,female
BURTONE Giovanni Mario Salvino,burtone giovanni mario salvino,Q3766909,2013-03-15,17,male
BUSIN Filippo,busin filippo,Q15931668,2013-03-15,17,male
BUSINAROLO Francesca,businarolo francesca,Q15926446,2013-03-15,17,female
BUSTO Mirko,busto mirko,Q16578823,2013-03-15,17,male
CALABRIA Annagrazia,calabria annagrazia,Q3617884,2013-03-15,17,female
CALABRO' Raffaele,calabro' raffaele,Q3929024,2013-11-18,17,male
CAMANI Vanessa,camani vanessa,Q17315601,2013-03-15,17,female
CAMANI Vanessa,camani vanessa,Q17315601,2014-06-25,17,female
CAMPANA Micaela,campana micaela,Q15163307,2013-03-15,17,female
CANCELLERI Azzurra Pia Maria,cancelleri azzurra pia maria,Q16530425,2013-03-15,17,female
CANI Emanuele,cani emanuele,Q15944964,2013-03-15,17,male
CAON Roberto,caon roberto,Q15479302,2016-04-11,17,male
CAPARINI Davide,caparini davide,Q3703513,2013-03-15,17,male
CAPELLI Roberto,capelli roberto,Q15479309,2014-11-19,17,male
CAPEZZONE Daniele,capezzone daniele,Q784785,2015-11-19,17,male
CAPODICASA Angelo,capodicasa angelo,Q3616922,2013-03-15,17,male
CAPONE Salvatore,capone salvatore,Q15585013,2013-03-15,17,male
CAPOZZOLO Sabrina,capozzolo sabrina,Q15041811,2013-03-15,17,female
CARBONE Ernesto,carbone ernesto,Q16554327,2013-03-15,17,male
CARDINALE Daniela,cardinale daniela,Q3701773,2013-03-15,17,female
CARELLA Renzo,carella renzo,Q15465052,2013-03-15,17,male
CARFAGNA Maria Rosaria,carfagna maria rosaria,Q266651,2013-03-15,17,female
CARIELLO Francesco,cariello francesco,Q15838895,2013-03-15,17,male
CARINELLI Paola,carinelli paola,Q5488784,2013-03-15,17,female
CARLONI Anna Maria,carloni anna maria,Q3617747,2014-06-25,17,female
CARNEVALI Elena,carnevali elena,Q15961974,2013-03-15,17,female
CAROCCI Mara,carocci mara,Q16575553,2013-03-15,17,female
CARRA Marco,carra marco,Q3845991,2013-03-15,17,male
CARRESCIA Piergiorgio,carrescia piergiorgio,Q15402984,2013-03-15,17,male
CARROZZA Maria Chiara,carrozza maria chiara,Q12132390,2013-03-15,17,female
CARUSO Mario,caruso mario,Q15144721,2013-12-10,17,male
CASATI Ezio Primo,casati ezio primo,Q15936544,2013-03-15,17,male
CASELLATO Floriana,casellato floriana,Q16556315,2013-03-15,17,female
CASERO Luigi,casero luigi,Q3809258,2013-11-18,17,male
CASO Vincenzo,caso vincenzo,Q16621766,2013-03-15,17,male
CASSANO Franco,cassano franco,Q7001739,2013-03-15,17,male
CASTELLI Laura,castelli laura,Q16571306,2013-03-15,17,female
CASTIELLO Giuseppina,castiello giuseppina,Q3771687,2016-05-18,17,female
CASTIGLIONE Giuseppe,castiglione giuseppe,Q1055165,2013-11-18,17,male
CASTRICONE Antonio,castricone antonio,Q16527437,2013-03-15,17,male
CATALANO Ivan,catalano ivan,Q16566830,2016-10-27,17,male
CATANIA Mario,catania mario,Q1880844,2017-01-26,17,male
CATANOSO GENOESE Francesco Detto Basilio Catanoso,catanoso genoese francesco detto basilio catanoso,Q3635805,2013-03-15,17,male
CAUSI Marco,causi marco,Q3845998,2013-03-15,17,male
CAUSIN Andrea,causin andrea,Q4755010,2014-12-16,17,male
CECCONI Andrea,cecconi andrea,Q16526205,2013-03-15,17,male
CENNI Susanna,cenni susanna,Q15633011,2013-03-15,17,female
CENSORE Bruno,censore bruno,Q16533874,2013-03-15,17,male
CENTEMERO Elena,centemero elena,Q3721400,2013-03-15,17,female
CESARO Antimo,cesaro antimo,Q16527187,2013-03-15,17,male
CESARO Luigi,cesaro luigi,Q597654,2013-03-15,17,male
CHAOUKI Khalid,chaouki khalid,Q8466918,2013-03-15,17,male
CHIARELLI Gianfranco Giovanni,chiarelli gianfranco giovanni,Q15888129,2015-11-19,17,male
CHIMIENTI Silvia,chimienti silvia,Q15623361,2013-03-15,17,female
CICCHITTO Fabrizio,cicchitto fabrizio,Q3737980,2013-11-18,17,male
CIMBRO Eleonora,cimbro eleonora,Q15961984,2013-03-15,17,female
CIPRINI Tiziana,ciprini tiziana,Q15653992,2013-03-15,17,female
CIRACI' Nicola,ciraci' nicola,Q17438822,2015-11-19,17,male
CIRIELLI Edmondo,cirielli edmondo,Q3719439,2013-04-03,17,male
CIVATI Giuseppe,civati giuseppe,Q3770328,2015-11-17,17,male
COCCIA Laura,coccia laura,Q16571308,2013-03-15,17,female
COLANINNO Matteo,colaninno matteo,Q3852103,2013-03-15,17,male
COLLETTI Andrea,colletti andrea,Q15705391,2013-03-15,17,male
COLONNESE Vega,colonnese vega,Q15708653,2013-03-15,17,female
COMINARDI Claudio,cominardi claudio,Q15976360,2013-03-15,17,male
COMINELLI Miriam,cominelli miriam,Q14218257,2013-03-15,17,female
COPPOLA Paolo,coppola paolo,Q15300645,2013-03-15,17,male
CORDA Emanuela,corda emanuela,Q15944960,2013-03-15,17,female
CORSARO Massimo Enrico,corsaro massimo enrico,Q3851209,2015-11-19,17,male
COSCIA Maria,coscia maria,Q13405623,2013-03-15,17,female
COSTA Enrico,costa enrico,Q3725703,2013-11-18,17,male
COSTANTINO Celeste,costantino celeste,Q16538746,2013-03-15,17,female
COVA Paolo,cova paolo,Q16586827,2013-03-15,17,male
COVELLO Stefania,covello stefania,Q15631879,2013-03-15,17,female
COZZOLINO Emanuele,cozzolino emanuele,Q15944965,2013-03-15,17,male
CRIMI Rocco,crimi rocco,Q3437457,2013-03-15,17,male
CRIMI' Filippo,crimi' filippo,Q16556029,2013-03-15,17,male
CRIPPA Davide,crippa davide,Q16548822,2013-03-15,17,male
CRIVELLARI Diego,crivellari diego,Q16549632,2013-03-15,17,male
CULOTTA Magda,culotta magda,Q15131526,2013-03-15,17,female
CUOMO Antonio,cuomo antonio,Q16657904,2013-03-15,17,male
CUOMO Antonio,cuomo antonio,Q16657904,2015-07-29,17,male
CUPERLO Giovanni,cuperlo giovanni,Q3763486,2013-03-15,17,male
CURRO' Tommaso,curro' tommaso,Q15654335,2015-04-01,17,male
D'AGOSTINO Angelo Antonio,d'agostino angelo antonio,Q16526625,2016-10-13,17,male
D'ALESSANDRO Luca,d'alessandro luca,Q15117584,2016-10-13,17,male
D'ALIA Gianpiero,d'alia gianpiero,Q3763740,2014-12-16,17,male
D'AMBROSIO Giuseppe,d'ambrosio giuseppe,Q16560729,2013-03-15,17,male
D'ARIENZO Vincenzo,d'arienzo vincenzo,Q16621784,2013-03-15,17,male
D'ATTORRE Alfredo,d'attorre alfredo,Q16525403,2015-11-06,17,male
D'INCA' Federico,d'inca' federico,Q15936378,2013-03-15,17,male
D'INCECCO Vittoria,d'incecco vittoria,Q16622444,2013-03-15,17,female
D'OTTAVIO Umberto,d'ottavio umberto,Q16619202,2013-03-15,17,male
D'UVA Francesco,d'uva francesco,Q15838900,2013-03-15,17,male
DA VILLA Marco,da villa marco,Q16575799,2013-03-15,17,male
DADONE Fabiana,dadone fabiana,Q15936524,2013-03-15,17,female
DAGA Federica,daga federica,Q15936417,2013-03-15,17,female
DAL MORO Gian Pietro,dal moro gian pietro,Q15896993,2013-03-15,17,male
DALL'OSSO Matteo,dall'osso matteo,Q16268318,2013-03-15,17,male
DALLAI Luigi,dallai luigi,Q15138239,2013-03-15,17,male
DAMBRUOSO Stefano,dambruoso stefano,Q3720230,2013-03-15,17,male
DAMIANO Cesare,damiano cesare,Q1071053,2013-03-15,17,male
DE GIROLAMO Nunzia,de girolamo nunzia,Q3879474,2015-09-22,17,female
DE LORENZIS Diego,de lorenzis diego,Q16549635,2013-03-15,17,male
DE MARIA Andrea,de maria andrea,Q16268320,2013-03-15,17,male
DE MENECH Roger,de menech roger,Q15535050,2013-03-15,17,male
DE MICHELI Paola,de micheli paola,Q3893547,2013-03-15,17,female
DE ROSA Massimo Felice,de rosa massimo felice,Q16576953,2013-03-15,17,male
DEL BASSO DE CARO Umberto,del basso de caro umberto,Q15691396,2013-03-15,17,male
DEL GROSSO Daniele,del grosso daniele,Q16546529,2013-03-15,17,male
DELL'ARINGA Carlo,dell'aringa carlo,Q3659266,2013-03-15,17,male
DELL'ORCO Michele,dell'orco michele,Q16268328,2013-03-15,17,male
DELLA VALLE Ivan,della valle ivan,Q16566836,2013-03-15,17,male
DELLAI Lorenzo,dellai lorenzo,Q327946,2013-12-10,17,male
DI BATTISTA Alessandro,di battista alessandro,Q15705335,2013-03-15,17,male
DI BENEDETTO Chiara,di benedetto chiara,Q16539625,2013-03-15,17,female
DI GIOIA Lello,di gioia lello,Q16571889,2017-01-19,17,male
DI LELLO Marco,di lello marco,Q3846070,2017-01-19,17,male
DI MAIO Luigi,di maio luigi,Q13581225,2013-03-15,17,male
DI MAIO Marco,di maio marco,Q16268332,2013-03-15,17,male
DI SALVO Titti,di salvo titti,Q3991952,2014-11-17,17,female
DI STEFANO Fabrizio,di stefano fabrizio,Q3738016,2013-03-15,17,male
DI STEFANO Manlio,di stefano manlio,Q16575444,2013-03-15,17,male
DI STEFANO Marco,di stefano marco,Q16575815,2013-08-08,17,male
DI VITA Giulia,di vita giulia,Q16560395,2013-03-15,17,female
DIENI Federica,dieni federica,Q16555470,2013-03-15,17,female
DISTASO Antonio,distaso antonio,Q3619537,2015-11-19,17,male
DONATI Marco,donati marco,Q13472808,2013-03-15,17,male
DURANTI Donatella,duranti donatella,Q3713696,2013-03-15,17,female
EPIFANI Ettore Guglielmo,epifani ettore guglielmo,Q3119274,2013-03-15,17,male
ERMINI David,ermini david,Q15972740,2013-03-15,17,male
FABBRI Marilena,fabbri marilena,Q15144150,2013-03-15,17,female
FAENZI Monica,faenzi monica,Q3860820,2016-10-13,17,female
FALCONE Giovanni,falcone giovanni,Q25864587,2015-07-27,17,male
FAMIGLIETTI Luigi,famiglietti luigi,Q15120159,2013-03-15,17,male
FANTINATI Mattia,fantinati mattia,Q16577172,2013-03-15,17,male
FANUCCI Edoardo,fanucci edoardo,Q15961957,2013-03-15,17,male
FARAONE Davide,faraone davide,Q15972775,2013-03-15,17,male
FARINA Daniele,farina daniele,Q3701956,2013-03-15,17,male
FARINA Gianni,farina gianni,Q15888162,2013-03-15,17,male
FASSINA Stefano,fassina stefano,Q3972490,2015-11-06,17,male
FAUTTILLI Federico,fauttilli federico,Q15936370,2013-12-10,17,male
FAVA Claudio,fava claudio,Q517161,2015-11-06,17,male
FEDI Marco,fedi marco,Q16575824,2013-03-15,17,male
FEDRIGA Massimiliano,fedriga massimiliano,Q3851022,2013-03-15,17,male
FERRANTI Donatella,ferranti donatella,Q15958468,2013-03-15,17,female
FERRARA Francesco Detto Ciccio,ferrara francesco detto ciccio,Q3749967,2013-03-15,17,male
FERRARESI Vittorio,ferraresi vittorio,Q15711788,2013-03-15,17,male
FERRARI Alan,ferrari alan,Q15059115,2013-03-15,17,male
FERRO Andrea,ferro andrea,Q15063204,2013-03-15,17,male
FIANO Emanuele,fiano emanuele,Q3723925,2013-03-15,17,male
FICO Roberto,fico roberto,Q7484547,2013-03-15,17,male
FIORIO Massimo,fiorio massimo,Q3851255,2013-03-15,17,male
FIORONI Giuseppe,fioroni giuseppe,Q730910,2013-03-15,17,male
FITZGERALD NISSOLI Fucsia,fitzgerald nissoli fucsia,Q8467023,2013-12-10,17,female
FOLINO Vincenzo,folino vincenzo,Q16621792,2015-11-06,17,male
FONTANA Cinzia Maria,fontana cinzia maria,Q3677351,2013-03-15,17,female
FONTANA Gregorio,fontana gregorio,Q11703835,2013-03-15,17,male
FONTANELLI Paolo,fontanelli paolo,Q3894052,2013-03-15,17,male
FORMISANO Aniello,formisano aniello,Q3617472,2017-01-19,17,male
FOSSATI Filippo,fossati filippo,Q15931670,2013-03-15,17,male
FRACCARO Riccardo,fraccaro riccardo,Q9035872,2013-03-15,17,male
FRAGOMELI Gian Mario,fragomeli gian mario,Q13478639,2013-03-15,17,male
FRANCESCHINI Dario,franceschini dario,Q388442,2013-03-15,17,male
FRATOIANNI Nicola,fratoianni nicola,Q16582388,2013-03-15,17,male
FREGOLENT Silvia,fregolent silvia,Q16606250,2013-03-15,17,female
FRUSONE Luca,frusone luca,Q16573834,2013-03-15,17,male
FUCCI Benedetto Francesco,fucci benedetto francesco,Q3638079,2015-11-19,17,male
FURNARI Alessandro,furnari alessandro,Q16525109,2013-06-06,17,male
FUSILLI Gianluca,fusilli gianluca,Q19279914,2014-10-07,17,male
GADDA Maria Chiara,gadda maria chiara,Q15142814,2013-03-15,17,female
GAGNARLI Chiara,gagnarli chiara,Q16539630,2013-03-15,17,female
GALATI Giuseppe,galati giuseppe,Q28070590,2016-10-13,17,male
GALGANO Adriana,galgano adriana,Q14527123,2013-03-15,17,female
GALLI Carlo,galli carlo,Q12016223,2015-11-06,17,male
GALLI Giampaolo,galli giampaolo,Q15896957,2013-03-15,17,male
GALLINELLA Filippo,gallinella filippo,Q16556045,2013-03-15,17,male
GALLO Luigi,gallo luigi,Q15120189,2013-03-15,17,male
GALLO Riccardo,gallo riccardo,Q15465677,2013-03-15,17,male
GALPERTI Guido,galperti guido,Q3779289,2013-03-15,17,male
GANDOLFI Paolo,gandolfi paolo,Q15300690,2013-03-15,17,male
GARAVINI Laura,garavini laura,Q106446,2013-03-15,17,female
GARNERO SANTANCHE' Daniela,garnero santanche' daniela,Q181794,2013-03-15,17,female
GAROFALO Vincenzo,garofalo vincenzo,Q4013289,2013-11-18,17,male
GAROFANI Francesco Saverio,garofani francesco saverio,Q15791568,2013-03-15,17,male
GASPARINI Daniela Matilde Maria,gasparini daniela matilde maria,Q15972639,2013-03-15,17,female
GEBHARD Renate,gebhard renate,Q6444641,2013-03-21,17,female
GELLI Federico,gelli federico,Q15936360,2013-03-15,17,male
GELMINI Mariastella,gelmini mariastella,Q466712,2013-03-15,17,female
GENOVESE Francantonio,genovese francantonio,Q3749320,2015-12-22,17,male
GENTILONI SILVERI Paolo,gentiloni silveri paolo,Q1071031,2013-03-15,17,male
GHIZZONI Manuela,ghizzoni manuela,Q3845082,2013-03-15,17,female
GIACHETTI Roberto,giachetti roberto,Q3938844,2013-03-15,17,male
GIACOBBE Anna,giacobbe anna,Q16526928,2013-03-15,17,female
GIACOMELLI Antonello,giacomelli antonello,Q3618960,2013-03-15,17,male
GIACOMONI Sestino,giacomoni sestino,Q3958201,2013-03-15,17,male
GIAMMANCO Gabriella,giammanco gabriella,Q3756747,2013-03-15,17,female
GIGLI Gian Luigi,gigli gian luigi,Q16559106,2013-12-10,17,male
GINATO Federico,ginato federico,Q15936356,2013-03-15,17,male
GINEFRA Dario,ginefra dario,Q3702604,2013-03-15,17,male
GINOBLE Tommaso,ginoble tommaso,Q3992773,2013-03-15,17,male
GIORDANO Giancarlo,giordano giancarlo,Q13400951,2013-03-15,17,male
GIORDANO Silvia,giordano silvia,Q15623365,2013-03-15,17,female
GIORGETTI Alberto,giorgetti alberto,Q3608341,2014-03-13,17,male
GIORGETTI Giancarlo,giorgetti giancarlo,Q659163,2013-03-15,17,male
GIORGIS Andrea,giorgis andrea,Q16526279,2013-03-15,17,male
GITTI Gregorio,gitti gregorio,Q16561995,2014-10-02,17,male
GIULIANI Fabrizia,giuliani fabrizia,Q15936496,2013-03-15,17,female
GIULIETTI Giampiero,giulietti giampiero,Q16559065,2013-03-15,17,male
GNECCHI Marialuisa,gnecchi marialuisa,Q1876572,2013-03-15,17,female
GOZI Sandro,gozi sandro,Q3948237,2013-03-15,17,male
GRANDE Marta,grande marta,Q8915317,2013-03-15,17,female
GRASSI Gero,grassi gero,Q15917017,2013-03-15,17,male
GRECO Maria Gaetana,greco maria gaetana,Q15143068,2013-03-15,17,female
GREGORI Monica,gregori monica,Q15220382,2015-11-06,17,female
GRIBAUDO Chiara,gribaudo chiara,Q16539637,2013-03-15,17,female
GRILLO Giulia,grillo giulia,Q16560401,2013-03-15,17,female
GRIMOLDI Paolo,grimoldi paolo,Q3894136,2013-03-15,17,male
GUERINI Giuseppe,guerini giuseppe,Q16560831,2013-03-15,17,male
GUERINI Lorenzo,guerini lorenzo,Q3836978,2013-03-15,17,male
GUERRA Mauro,guerra mauro,Q3852840,2013-03-15,17,male
GUIDESI Guido,guidesi guido,Q15886086,2013-06-06,17,male
GULLO Maria Tindara,gullo maria tindara,Q15143124,2015-12-15,17,female
GUTGELD Itzhak Yoram,gutgeld itzhak yoram,Q19663201,2013-03-15,17,male
IACONO Maria,iacono maria,Q15143083,2013-03-15,17,female
IANNUZZI Cristian,iannuzzi cristian,Q15967959,2015-01-09,17,male
IANNUZZI Tino,iannuzzi tino,Q15649684,2013-03-15,17,male
IMPEGNO Leonardo,impegno leonardo,Q16571993,2013-03-15,17,male
INCERTI Antonella,incerti antonella,Q16268453,2013-03-15,17,female
INVERNIZZI Cristian,invernizzi cristian,Q15967961,2013-03-15,17,male
IORI Vanna,iori vanna,Q16268455,2013-03-15,17,female
KRONBICHLER Florian,kronbichler florian,Q5384798,2013-03-15,17,male
L'ABBATE Giuseppe,l'abbate giuseppe,Q16560837,2013-03-15,17,male
LA MARCA Francesca,la marca francesca,Q15926449,2013-03-15,17,female
LA RUSSA Ignazio,la russa ignazio,Q1394411,2013-04-03,17,male
LABRIOLA Vincenza,labriola vincenza,Q15711017,2014-11-17,17,female
LACQUANITI Luigi,lacquaniti luigi,Q15138241,2014-11-17,17,male
LAFFRANCO Pietro,laffranco pietro,Q3903981,2013-03-15,17,male
LAFORGIA Francesco,laforgia francesco,Q13629087,2013-03-15,17,male
LAINATI Giorgio,lainati giorgio,Q3765539,2016-10-13,17,male
LATRONICO Cosimo,latronico cosimo,Q3695123,2015-11-19,17,male
LATTUCA Enzo,lattuca enzo,Q8220408,2013-03-15,17,male
LAURICELLA Giuseppe,lauricella giuseppe,Q16560843,2013-03-15,17,male
LAVAGNO Fabio,lavagno fabio,Q15936514,2014-11-17,17,male
LENZI Donata,lenzi donata,Q3713683,2013-03-15,17,female
LEVA Danilo,leva danilo,Q15972656,2013-03-15,17,male
LIBRANDI Gianfranco,librandi gianfranco,Q15888133,2013-03-15,17,male
LIUZZI Mirella,liuzzi mirella,Q15220379,2013-03-15,17,female
LO MONTE Carmelo,lo monte carmelo,Q3660245,2015-12-02,17,male
LOCATELLI Pia Elda,locatelli pia elda,Q2246893,2013-06-11,17,female
LODOLINI Emanuele,lodolini emanuele,Q15944970,2013-03-15,17,male
LOMBARDI Roberta,lombardi roberta,Q6508991,2013-03-15,17,female
LONGO Piero,longo piero,Q3903281,2013-03-15,17,male
LOREFICE Marialucia,lorefice marialucia,Q15144066,2013-03-15,17,female
LORENZIN Beatrice,lorenzin beatrice,Q3637263,2013-11-18,17,female
LOSACCO Alberto,losacco alberto,Q3608386,2013-03-15,17,male
LOTTI Luca,lotti luca,Q15117583,2013-03-15,17,male
LUPI Maurizio,lupi maurizio,Q3852636,2013-11-18,17,male
LUPO Loredana,lupo loredana,Q16658041,2013-03-15,17,female
MADIA Maria Anna,madia maria anna,Q3847714,2013-03-15,17,female
MAESTRI Andrea,maestri andrea,Q23047395,2015-11-17,17,male
MAESTRI Patrizia,maestri patrizia,Q15303867,2013-03-15,17,female
MAGORNO Ernesto,magorno ernesto,Q16554349,2013-03-15,17,male
MAIETTA Pasquale,maietta pasquale,Q15303116,2013-04-03,17,male
MALISANI Gianna,malisani gianna,Q15888157,2013-03-15,17,female
MALPEZZI Simona Flavia,malpezzi simona flavia,Q16606338,2013-03-15,17,female
MANCIULLI Andrea,manciulli andrea,Q16526326,2013-03-15,17,male
MANFREDI Massimiliano,manfredi massimiliano,Q16576916,2013-03-15,17,male
MANNINO Claudia,mannino claudia,Q15976352,2013-03-15,17,female
MANTERO Matteo,mantero matteo,Q15162839,2013-03-15,17,male
MANZI Irene,manzi irene,Q16566418,2013-03-15,17,female
MARANTELLI Daniele,marantelli daniele,Q3702009,2013-03-15,17,male
MARAZZITI Mario,marazziti mario,Q16576424,2013-12-10,17,male
MARCHETTI Marco,marchetti marco,Q15141213,2013-03-15,17,male
MARCHI Maino,marchi maino,Q3843542,2013-03-15,17,male
MARCOLIN Marco,marcolin marco,Q16575878,2016-10-13,17,male
MARCON Giulio,marcon giulio,Q7217712,2013-03-15,17,male
MARGUERETTAZ Rudi Franco,marguerettaz rudi franco,Q6403136,2015-04-01,17,male
MARIANI Raffaella,mariani raffaella,Q3929221,2013-03-15,17,female
MARIANO Elisa,mariano elisa,Q16551696,2013-03-15,17,female
MAROTTA Antonio,marotta antonio,Q16527648,2015-06-25,17,male
MARROCU Siro,marrocu siro,Q15624743,2013-03-15,17,male
MARRONI Umberto,marroni umberto,Q15701447,2013-03-15,17,male
MARTELLA Andrea,martella andrea,Q3615834,2013-03-15,17,male
MARTELLI Giovanna,martelli giovanna,Q15888328,2016-02-22,17,female
MARTI Roberto,marti roberto,Q15479523,2015-11-19,17,male
MARTINELLI Marco,martinelli marco,Q15141218,2013-03-15,17,male
MARTINO Antonio,martino antonio,Q603390,2013-03-15,17,male
MARTINO Pierdomenico,martino pierdomenico,Q3903004,2013-03-15,17,male
MARZANA Maria,marzana maria,Q15143093,2013-03-15,17,female
MARZANO Michela,marzano michela,Q3311251,2016-05-11,17,female
MASSA Federico,massa federico,Q17403952,2014-07-09,17,male
MATARRELLI Toni,matarrelli toni,Q15654471,2015-05-04,17,male
MATARRESE Salvatore,matarrese salvatore,Q15585150,2013-03-15,17,male
MATTIELLO Davide,mattiello davide,Q16548835,2013-03-15,17,male
MAURI Matteo,mauri matteo,Q16577132,2013-03-15,17,male
MAZZIOTTI DI CELSO Andrea,mazziotti di celso andrea,Q16526349,2013-03-15,17,male
MAZZOLI Alessandro,mazzoli alessandro,Q3610136,2013-03-15,17,male
MELILLA Gianni,melilla gianni,Q15917333,2013-03-15,17,male
MELILLI Fabio,melilli fabio,Q3737781,2013-03-15,17,male
MELONI Giorgia,meloni giorgia,Q451791,2013-04-03,17,female
MELONI Marco,meloni marco,Q16575890,2013-03-15,17,male
MENORELLO Domenico,menorello domenico,Q27078218,2016-09-30,17,male
MERLO Ricardo Antonio,merlo ricardo antonio,Q3934279,2016-10-13,17,male
META Michele Pompeo,meta michele pompeo,Q15212457,2013-03-15,17,male
MICCOLI Marco,miccoli marco,Q15141225,2013-03-15,17,male
MICILLO Salvatore,micillo salvatore,Q15585159,2013-03-15,17,male
MIGLIORE Gennaro,migliore gennaro,Q3759822,2014-11-17,17,male
MILANATO Lorena,milanato lorena,Q3836834,2013-03-15,17,female
MINARDO Antonino,minardo antonino,Q3619095,2013-11-18,17,male
MINNUCCI Emiliano,minnucci emiliano,Q17406685,2013-03-15,17,male
MINNUCCI Emiliano,minnucci emiliano,Q17406685,2014-06-25,17,male
MIOTTO Anna Margherita,miotto anna margherita,Q16526948,2013-03-15,17,female
MISIANI Antonio,misiani antonio,Q3619905,2013-03-15,17,male
MISURACA Dore,misuraca dore,Q16550545,2013-11-18,17,male
MOGNATO Michele,mognato michele,Q16578279,2013-03-15,17,male
MOLEA Bruno,molea bruno,Q16533928,2013-03-15,17,male
MOLTENI Nicola,molteni nicola,Q15269634,2013-03-15,17,male
MONACO Francesco,monaco francesco,Q3751437,2013-03-15,17,male
MONCHIERO Giovanni,monchiero giovanni,Q16560068,2013-03-15,17,male
MONGIELLO Colomba,mongiello colomba,Q3683396,2013-03-15,17,female
MONTRONI Daniele,montroni daniele,Q15972643,2013-03-15,17,male
MORANI Alessia,morani alessia,Q16525255,2013-03-15,17,female
MORASSUT Roberto,morassut roberto,Q3938986,2013-03-15,17,male
MORETTO Sara,moretto sara,Q15609783,2013-03-15,17,female
MOSCATT Antonino,moscatt antonino,Q15654504,2013-03-15,17,male
MOTTOLA Giovanni Carlo Francesco,mottola giovanni carlo francesco,Q16560074,2016-10-13,17,male
MUCCI Mara,mucci mara,Q15138337,2016-10-28,17,female
MURA Romina,mura romina,Q15535221,2013-03-15,17,female
MURER Delia,murer delia,Q15964456,2013-03-15,17,female
MURGIA Bruno,murgia bruno,Q3645852,2016-12-29,17,male
NACCARATO Alessandro,naccarato alessandro,Q3610164,2013-03-15,17,male
NARDI Martina,nardi martina,Q16576735,2014-11-17,17,female
NARDUOLO Giulia,narduolo giulia,Q16560407,2013-03-15,17,female
NASTRI Gaetano,nastri gaetano,Q7000506,2013-04-03,17,male
NESCI Dalila,nesci dalila,Q15972636,2013-03-15,17,female
NESI Edoardo,nesi edoardo,Q540403,2013-11-19,17,male
NICCHI Marisa,nicchi marisa,Q15144796,2013-03-15,17,female
NICOLETTI Michele,nicoletti michele,Q5561197,2013-03-15,17,male
NUTI Riccardo,nuti riccardo,Q13427077,2013-03-15,17,male
OCCHIUTO Roberto,occhiuto roberto,Q3939013,2014-06-25,17,male
OLIARO Roberta,oliaro roberta,Q16597116,2013-03-15,17,female
OLIVERIO Nicodemo Nazzareno,oliverio nicodemo nazzareno,Q3876096,2013-03-15,17,male
ORFINI Matteo,orfini matteo,Q8262071,2013-03-15,17,male
ORLANDO Andrea,orlando andrea,Q3615909,2013-03-15,17,male
OTTOBRE Mauro,ottobre mauro,Q15111865,2013-03-21,17,male
PAGANI Alberto,pagani alberto,Q16268593,2013-03-15,17,male
PAGANO Alessandro,pagano alessandro,Q3610182,2016-10-18,17,male
PAGLIA Giovanni,paglia giovanni,Q16268594,2013-03-15,17,male
PALAZZOTTO Erasmo,palazzotto erasmo,Q16554147,2013-03-15,17,male
PALESE Rocco,palese rocco,Q3939589,2015-11-19,17,male
PALLADINO Giovanni,palladino giovanni,Q23017918,2015-07-27,17,male
PALMA Giovanna,palma giovanna,Q15888338,2013-03-15,17,female
PALMIERI Antonio,palmieri antonio,Q3619995,2013-03-15,17,male
PALMIZIO Elio Massimo,palmizio elio massimo,Q3723060,2013-03-15,17,male
PANNARALE Annalisa,pannarale annalisa,Q16658089,2013-03-15,17,female
PARENTELA Paolo,parentela paolo,Q15300732,2013-03-15,17,male
PARIS Valentina,paris valentina,Q15708574,2013-03-15,17,female
PARISI Massimo,parisi massimo,Q3851390,2016-10-13,17,male
PARRINI Dario,parrini dario,Q15972723,2013-03-15,17,male
PASTORELLI Oreste,pastorelli oreste,Q15290569,2013-06-11,17,male
PASTORINO Luca,pastorino luca,Q16573877,2015-11-17,17,male
PATRIARCA Edoardo,patriarca edoardo,Q16551329,2013-03-15,17,male
PELILLO Michele,pelillo michele,Q15212443,2013-03-15,17,male
PELLEGRINO Serena,pellegrino serena,Q15622158,2013-03-15,17,female
PELUFFO Vinicio Giuseppe Guido,peluffo vinicio giuseppe guido,Q4013688,2013-03-15,17,male
PES Caterina,pes caterina,Q3663522,2013-03-15,17,female
PESCO Daniele,pesco daniele,Q15972644,2013-03-15,17,male
PETRAROLI Cosimo,petraroli cosimo,Q15975935,2013-03-15,17,male
PETRENGA Giovanna,petrenga giovanna,Q3766264,2016-02-02,17,female
PETRINI Paolo,petrini paolo,Q15300740,2013-03-15,17,male
PIAZZONI Ileana Cathia,piazzoni ileana cathia,Q16565332,2014-11-17,17,female
PICCHI Guglielmo,picchi guglielmo,Q3778992,2016-03-16,17,male
PICCIONE Teresa,piccione teresa,Q15641434,2013-03-15,17,female
PICCOLI NARDELLI Flavia,piccoli nardelli flavia,Q15931520,2013-03-15,17,female
PICCOLO Giorgio,piccolo giorgio,Q15888313,2013-03-15,17,male
PICCOLO Salvatore,piccolo salvatore,Q15585187,2013-03-15,17,male
PICCONE Filippo,piccone filippo,Q3745295,2013-11-18,17,male
PIEPOLI Gaetano,piepoli gaetano,Q15844746,2013-12-10,17,male
PILI Mauro,pili mauro,Q3301763,2013-10-02,17,male
PILOZZI Nazzareno,pilozzi nazzareno,Q16581753,2014-11-17,17,male
PINI Gianluca,pini gianluca,Q3763282,2013-03-15,17,male
PINI Giuditta,pini giuditta,Q16268654,2013-03-15,17,female
PINNA Paola,pinna paola,Q16586786,2016-02-04,17,female
PIRAS Michele,piras michele,Q3856756,2013-03-15,17,male
PISANO Girolamo,pisano girolamo,Q16560345,2013-03-15,17,male
PISICCHIO Pino,pisicchio pino,Q3388783,2014-06-27,17,male
PISO Vincenzo,piso vincenzo,Q15711036,2015-12-01,17,male
PIZZOLANTE Sergio,pizzolante sergio,Q16601770,2013-11-18,17,male
PLACIDO Antonio,placido antonio,Q16527711,2013-03-15,17,male
PLANGGER Albrecht,plangger albrecht,Q5853391,2013-03-21,17,male
POLIDORI Catia,polidori catia,Q1051169,2013-03-15,17,female
POLLASTRINI Barbara,pollastrini barbara,Q1071082,2013-03-15,17,female
POLVERINI Renata,polverini renata,Q459645,2013-03-15,17,female
PORTA Fabio,porta fabio,Q10279154,2013-03-15,17,male
PORTAS Giacomo Antonio,portas giacomo antonio,Q3762237,2013-03-15,17,male
PRATAVIERA Emanuele,prataviera emanuele,Q15944973,2016-04-11,17,male
PRESTIGIACOMO Stefania,prestigiacomo stefania,Q466489,2013-03-15,17,female
PREZIOSI Ernesto,preziosi ernesto,Q16554359,2013-03-15,17,male
PRINA Francesco,prina francesco,Q17285353,2014-06-25,17,male
PRODANI Aris,prodani aris,Q16528352,2015-11-17,17,male
QUARANTA Stefano,quaranta stefano,Q16610328,2013-03-15,17,male
QUARTAPELLE PROCOPIO Lia,quartapelle procopio lia,Q16572359,2013-03-15,17,female
QUINTARELLI Giuseppe Stefano,quintarelli giuseppe stefano,Q3972669,2016-08-03,17,male
RABINO Mariano,rabino mariano,Q15144078,2016-10-13,17,male
RACITI Fausto,raciti fausto,Q3740400,2013-03-15,17,male
RAGOSTA Michele,ragosta michele,Q16578303,2014-06-19,17,male
RAMPELLI Fabio,rampelli fabio,Q15936503,2013-04-03,17,male
RAMPI Roberto,rampi roberto,Q15479551,2013-03-15,17,male
RAVETTO Laura,ravetto laura,Q3827834,2013-03-15,17,female
REALACCI Ermete,realacci ermete,Q3732005,2013-03-15,17,male
RIBAUDO Francesco,ribaudo francesco,Q15796620,2013-03-15,17,male
RICCIATTI Lara,ricciatti lara,Q16571193,2013-03-15,17,female
RICHETTI Matteo,richetti matteo,Q8218823,2013-03-15,17,male
RIGONI Andrea,rigoni andrea,Q16526380,2013-03-15,17,male
RIZZETTO Walter,rizzetto walter,Q16622997,2016-03-22,17,male
RIZZO Gianluca,rizzo gianluca,Q15888149,2013-03-15,17,male
ROCCELLA Eugenia,roccella eugenia,Q3059585,2015-12-01,17,female
ROCCHI Maria Grazia,rocchi maria grazia,Q15143077,2013-03-15,17,female
ROMANINI Giuseppe,romanini giuseppe,Q17414412,2014-06-25,17,male
ROMANO Andrea,romano andrea,Q3616000,2014-11-12,17,male
ROMANO Francesco Saverio,romano francesco saverio,Q3081082,2016-10-13,17,male
ROMANO Paolo Nicolo',romano paolo nicolo',Q16586911,2013-03-15,17,male
ROMELE Giuseppe,romele giuseppe,Q3771342,2013-03-15,17,male
RONDINI Marco,rondini marco,Q16575917,2013-03-15,17,male
ROSATO Ettore,rosato ettore,Q3733994,2013-03-15,17,male
ROSSI Domenico,rossi domenico,Q15958431,2013-12-10,17,male
ROSSI Paolo,rossi paolo,Q3894431,2014-06-25,17,male
ROSSOMANDO Anna,rossomando anna,Q16526978,2013-03-15,17,female
ROSTAN Michela,rostan michela,Q15208531,2013-03-15,17,female
ROSTELLATO Gessica,rostellato gessica,Q15917176,2015-04-30,17,female
ROTONDI Gianfranco,rotondi gianfranco,Q2053904,2013-03-15,17,male
ROTTA Alessia,rotta alessia,Q16525258,2013-03-15,17,female
RUBINATO Simonetta,rubinato simonetta,Q3961298,2013-03-15,17,female
RUGHETTI Angelo,rughetti angelo,Q16526760,2013-03-15,17,male
RUOCCO Carla,ruocco carla,Q16658124,2013-03-15,17,female
RUSSO Paolo,russo paolo,Q3894445,2013-03-15,17,male
SALTAMARTINI Barbara,saltamartini barbara,Q3634682,2015-03-31,17,female
SAMMARCO Gianfranco,sammarco gianfranco,Q3763148,2013-11-18,17,male
SANGA Giovanni,sanga giovanni,Q16560169,2013-03-15,17,male
SANI Luca,sani luca,Q15117588,2013-03-15,17,male
SANNA Francesco,sanna francesco,Q3750589,2013-03-15,17,male
SANNA Giovanna,sanna giovanna,Q16559693,2013-03-15,17,female
SANNICANDRO Arcangelo,sannicandro arcangelo,Q16528037,2013-04-17,17,male
SANTELLI Jole,santelli jole,Q3809798,2013-03-15,17,female
SANTERINI Milena,santerini milena,Q16578527,2013-12-10,17,female
SARRO Carlo,sarro carlo,Q3659832,2013-03-15,17,male
SARTI Giulia,sarti giulia,Q16268745,2013-03-15,17,female
SAVINO Elvira,savino elvira,Q3723755,2013-03-15,17,female
SAVINO Sandra,savino sandra,Q16600140,2013-03-15,17,female
SBERNA Mario,sberna mario,Q15144734,2013-12-10,17,male
SBROLLINI Daniela,sbrollini daniela,Q15972640,2013-03-15,17,female
SCAGLIUSI Emanuele,scagliusi emanuele,Q15632664,2013-03-15,17,male
SCALFAROTTO Ivan,scalfarotto ivan,Q3804765,2013-03-15,17,male
SCANU Gian Piero,scanu gian piero,Q3762746,2013-03-15,17,male
SCHIRO' Gea,schiro' gea,Q16558576,2014-10-02,17,female
SCHULLIAN Manfred,schullian manfred,Q6444943,2013-03-21,17,male
SCOPELLITI Rosanna,scopelliti rosanna,Q15535578,2013-11-18,17,female
SCOTTO Arturo,scotto arturo,Q3624592,2013-03-15,17,male
SCUVERA Chiara,scuvera chiara,Q16539654,2013-03-15,17,female
SECCO Dino,secco dino,Q23931137,2016-04-28,17,male
SEGONI Samuele,segoni samuele,Q15588759,2015-02-05,17,male
SENALDI Angelo,senaldi angelo,Q16526791,2013-03-15,17,male
SERENI Marina,sereni marina,Q3848080,2013-03-15,17,female
SGAMBATO Camilla,sgambato camilla,Q17329035,2014-06-25,17,female
SIBILIA Carlo,sibilia carlo,Q16537147,2013-03-15,17,male
SIMONETTI Roberto,simonetti roberto,Q3939167,2014-06-25,17,male
SIMONI Elisa,simoni elisa,Q16551704,2013-03-15,17,female
SISTO Francesco Paolo,sisto francesco paolo,Q15791380,2013-03-15,17,male
SORIAL Girgis Giorgio,sorial girgis giorgio,Q16560248,2013-03-15,17,male
SOTTANELLI Giulio Cesare,sottanelli giulio cesare,Q16560506,2016-10-13,17,male
SPADONI Maria Edera,spadoni maria edera,Q15142831,2013-03-15,17,female
SPERANZA Roberto,speranza roberto,Q8220404,2013-03-15,17,male
SPESSOTTO Arianna,spessotto arianna,Q16528320,2013-03-15,17,female
SQUERI Luca,squeri luca,Q16573900,2013-03-15,17,male
STUMPO Nicola,stumpo nicola,Q10751623,2013-03-15,17,male
TABACCI Bruno,tabacci bruno,Q1074619,2014-11-19,17,male
TACCONI Alessio,tacconi alessio,Q16525272,2015-04-13,17,male
TAGLIALATELA Marcello,taglialatela marcello,Q3845695,2013-04-03,17,male
TANCREDI Paolo,tancredi paolo,Q3894506,2013-11-18,17,male
TARANTO Luigi,taranto luigi,Q15120218,2013-03-15,17,male
TARICCO Mino,taricco mino,Q16578742,2013-03-15,17,male
TARTAGLIONE Assunta,tartaglione assunta,Q16529384,2013-03-15,17,female
TENTORI Veronica,tentori veronica,Q15710993,2013-03-15,17,female
TERROSI Alessandra,terrosi alessandra,Q15055616,2013-03-15,17,female
TERZONI Patrizia,terzoni patrizia,Q15303870,2013-03-15,17,female
TIDEI Marietta,tidei marietta,Q13433334,2013-03-15,17,female
TINAGLI Irene,tinagli irene,Q3801917,2015-02-18,17,female
TOFALO Angelo,tofalo angelo,Q16526805,2013-03-15,17,male
TONINELLI Danilo,toninelli danilo,Q15972657,2013-03-15,17,male
TOTARO Achille,totaro achille,Q3604430,2013-04-03,17,male
TRIPIEDI Davide,tripiedi davide,Q7913836,2013-03-15,17,male
TULLO Mario,tullo mario,Q3849194,2013-03-15,17,male
TURCO Tancredi,turco tancredi,Q16612198,2015-02-05,17,male
VACCA Gianluca,vacca gianluca,Q15888154,2013-03-15,17,male
VACCARO Guglielmo,vaccaro guglielmo,Q3779040,2015-11-30,17,male
VALENTE Simone,valente simone,Q15623388,2013-03-15,17,male
VALENTE Valeria,valente valeria,Q15708588,2013-03-15,17,female
VALENTINI Valentino,valentini valentino,Q4007770,2013-03-15,17,male
VALIANTE Simone,valiante simone,Q16606386,2013-03-15,17,male
VALLASCAS Andrea,vallascas andrea,Q8047248,2013-03-15,17,male
VARGIU Pierpaolo,vargiu pierpaolo,Q15402999,2013-03-15,17,male
VAZIO Franco,vazio franco,Q15796702,2013-03-15,17,male
VECCHIO Andrea,vecchio andrea,Q16526416,2016-09-28,17,male
VELLA Paolo,vella paolo,Q15303101,2013-03-15,17,male
VELO Silvia,velo silvia,Q15623368,2013-03-15,17,female
VENITTELLI Laura,venittelli laura,Q16571337,2013-03-15,17,female
VENTRICELLI Liliana,ventricelli liliana,Q15111871,2013-03-15,17,female
VERINI Walter,verini walter,Q15727026,2013-03-15,17,male
VEZZALI Maria Valentina,vezzali maria valentina,Q229967,2016-10-13,17,female
VICO Ludovico,vico ludovico,Q16574106,2015-03-18,17,male
VIGNALI Raffaello,vignali raffaello,Q3929279,2013-11-18,17,male
VIGNAROLI Stefano,vignaroli stefano,Q15632225,2013-03-15,17,male
VILLAROSA Alessio Mattia,villarosa alessio mattia,Q16525278,2013-03-15,17,male
VILLECCO CALIPARI Rosa Maria,villecco calipari rosa maria,Q3941254,2013-03-15,17,female
VITO Elio,vito elio,Q1079940,2013-03-15,17,male
ZACCAGNINI Adriano,zaccagnini adriano,Q14527444,2016-09-13,17,male
ZAMPA Sandra,zampa sandra,Q3948177,2013-03-15,17,female
ZAN Alessandro,zan alessandro,Q2595856,2014-11-17,17,male
ZANETTI Enrico,zanetti enrico,Q16552184,2016-10-13,17,male
ZANIN Giorgio,zanin giorgio,Q16559606,2013-03-15,17,male
ZAPPULLA Giuseppe,zappulla giuseppe,Q16561111,2013-03-15,17,male
ZARATTI Filiberto,zaratti filiberto,Q15931676,2013-04-17,17,male
ZARDINI Diego,zardini diego,Q16549651,2013-03-15,17,male
ZOGGIA Davide,zoggia davide,Q3703642,2013-03-15,17,male
ZOLEZZI Alberto,zolezzi alberto,Q16524889,2013-03-15,17,male
